{"actions":[],"apps":[{"acl":{"app":[],"field":[],"record":[]},"app":null,"category":{"categories":[],"useCategory":"false"},"form":{"layout":"[{\"id\":null,\"type\":\"ROW\",\"isSubTable\":false,\"var\":null,\"label\":null,\"controlList\":[{\"label\":\"\\u003Cdiv\\u003E\\u003Cb\\u003E\\u003Cfont size=\\\"4\\\"\\u003Eタイムカード\\u003C/font\\u003E\\u003C/b\\u003E\\u003C/div\\u003E\",\"styleMap\":{\"width\":140},\"formatted\":\"\\u003Cdiv\\u003E\\u003Cb\\u003E\\u003Cfont size=\\\"4\\\"\\u003Eタイムカード\\u003C/font\\u003E\\u003C/b\\u003E\\u003C/div\\u003E\",\"type\":\"LABEL\"}]},{\"id\":null,\"type\":\"ROW\",\"isSubTable\":false,\"var\":null,\"label\":null,\"controlList\":[{\"label\":\"\\u003Cdiv\\u003E\\u003Cb\\u003E基本情報\\u003C/b\\u003E\\u003C/div\\u003E\",\"styleMap\":{\"width\":88},\"formatted\":\"\\u003Cdiv\\u003E\\u003Cb\\u003E基本情報\\u003C/b\\u003E\\u003C/div\\u003E\",\"type\":\"LABEL\"},{\"styleMap\":{\"width\":757},\"type\":\"HR\"}]},{\"id\":null,\"type\":\"ROW\",\"isSubTable\":false,\"var\":null,\"label\":null,\"controlList\":[{\"isVirtical\":true,\"styleMap\":{\"width\":162},\"type\":\"DECIMAL\",\"var\":\"社員番号\",\"label\":\"社員番号\"},{\"styleMap\":{\"width\":171},\"type\":\"CREATOR\",\"var\":\"申請者\",\"label\":\"申請者\"},{\"styleMap\":{\"width\":196},\"type\":\"CREATED_AT\",\"var\":\"申請日時\",\"label\":\"申請日時\"},{\"isVirtical\":true,\"styleMap\":{\"width\":344},\"type\":\"USER_SELECT\",\"var\":\"承認者\",\"label\":\"承認者\"}]},{\"id\":null,\"type\":\"ROW\",\"isSubTable\":false,\"var\":null,\"label\":null,\"controlList\":[{\"isVirtical\":true,\"styleMap\":{\"width\":117},\"type\":\"DATE\",\"var\":\"起算日\",\"label\":\"起算日\"}]},{\"id\":\"5350964\",\"type\":\"SUBTABLE\",\"isSubTable\":true,\"var\":\"明細\",\"label\":\"明細\",\"controlList\":[{\"isVirtical\":true,\"styleMap\":{\"width\":117},\"type\":\"DATE\",\"var\":\"日付\",\"label\":\"日付\"},{\"isVirtical\":true,\"styleMap\":{\"width\":136},\"type\":\"SINGLE_SELECT\",\"var\":\"勤怠\",\"label\":\"勤怠\"},{\"isVirtical\":true,\"styleMap\":{\"width\":101},\"type\":\"TIME\",\"var\":\"出勤\",\"label\":\"出勤\"},{\"isVirtical\":true,\"styleMap\":{\"width\":101},\"type\":\"TIME\",\"var\":\"退勤\",\"label\":\"退勤\"},{\"isVirtical\":true,\"styleMap\":{\"width\":110},\"type\":\"DECIMAL\",\"var\":\"休憩\",\"label\":\"休憩（分）\"},{\"isVirtical\":true,\"styleMap\":{\"width\":121},\"type\":\"CALC\",\"var\":\"勤務時間\",\"label\":\"勤務時間\"},{\"isVirtical\":true,\"styleMap\":{\"width\":121},\"type\":\"CALC\",\"var\":\"残業時間\",\"label\":\"残業時間\"},{\"isVirtical\":true,\"styleMap\":{\"width\":346},\"type\":\"CALC\",\"var\":\"深夜残業時間\",\"label\":\"深夜残業時間（午後10時から翌日午前5時まで）\"},{\"isVirtical\":true,\"styleMap\":{\"width\":298},\"type\":\"SINGLE_LINE_TEXT\",\"var\":\"備考\",\"label\":\"備考\"}]},{\"id\":null,\"type\":\"ROW\",\"isSubTable\":false,\"var\":null,\"label\":null,\"controlList\":[{\"styleMap\":{\"width\":565,\"height\":66},\"elementId\":\"\",\"type\":\"SPACER\"},{\"isVirtical\":true,\"styleMap\":{\"width\":121},\"type\":\"CALC\",\"var\":\"勤務時間合計\",\"label\":\"勤務時間合計\"},{\"isVirtical\":true,\"styleMap\":{\"width\":121},\"type\":\"CALC\",\"var\":\"残業時間合計\",\"label\":\"残業時間合計\"},{\"isVirtical\":true,\"styleMap\":{\"width\":148},\"type\":\"CALC\",\"var\":\"深夜残業時間合計\",\"label\":\"深夜残業時間合計\"}]}]","revision":null},"iconMeta":{"internalName":null,"mime":"image/png","name":"app48.png"},"info":{"automaticallyChooseTitleComponent":"false","code":null,"decimalPrecision":"16","decimalScale":"4","description":"\u003Cdiv\u003E月間の勤務時間 / 残業時間を記録できるアプリです。\u003C/div\u003E\u003Cdiv\u003E出勤時刻と退勤時刻を入力すると、勤務時間 / 残業時間 / 深夜残業時間 を自動で計算します。\u003C/div\u003E\u003Cdiv\u003E\u003Cbr /\u003E\u003C/div\u003E\u003Cdiv\u003E上長、管理者への申請・承認を行うこともできます。\u003C/div\u003E","enableBulkDeletion":"false","enableRecordReuse":"true","fiscalYearStartMonth":"4","iconKey":"12783","iconType":"BLOB","jsFiles":null,"jsScope":"ALL","name":"深夜残業時間","roundingMode":"HALF_EVEN","theme":"PLAIN","titleComponentLocalId":null,"useComment":"true","useHistory":"true","useThumbnail":"true"},"jsFiles":[],"notification":{"appNotifications":[{"events":["RECORD_COMMENT_ADDED"],"target":{"entityId":"8958","entityType":"FIELD_ENTITY","includeSubs":"false"}},{"events":["RECORD_COMMENT_ADDED"],"target":{"entityId":"8959","entityType":"FIELD_ENTITY","includeSubs":"false"}},{"events":["RECORD_COMMENT_ADDED"],"target":{"entityId":"8963","entityType":"FIELD_ENTITY","includeSubs":"false"}}],"recordNotifications":[],"reminderTimezone":null,"reminders":[],"useComment":"true","useReminder":"false"},"plugins":[],"reports":[{"advancedMode":"false","filter":{"category":null,"offset":null,"order":[],"q":null,"size":null,"sort":[]},"isAborted":null,"name":"月別：勤務時間 / 残業時間（申請者ごと）","processType":null,"report":"8220029","reportType":"SUBTOTAL","revision":null,"settings":"{\"groups\":[{\"id\":\"8965\",\"op\":\"YEAR_MONTH\"},{\"id\":\"8959\",\"op\":null}],\"summaries\":[{\"op\":\"SUM\",\"id\":\"5350961\"},{\"op\":\"SUM\",\"id\":\"8219982\"}],\"chartType\":\"table\",\"sort\":[\"s0\"],\"order\":[\"DESC\"]}","tallyPeriod":null,"tallyStartDateTime":null},{"advancedMode":"false","filter":{"category":null,"offset":null,"order":[],"q":"f8959 in (\" USER\", LOGINUSER())","size":null,"sort":[]},"isAborted":null,"name":"月別：勤務時間 / 残業時間（ログインユーザー）","processType":null,"report":"8220747","reportType":"SUBTOTAL","revision":null,"settings":"{\"groups\":[{\"id\":\"8965\",\"op\":\"YEAR_MONTH\"}],\"summaries\":[{\"op\":\"SUM\",\"id\":\"5350961\"},{\"op\":\"SUM\",\"id\":\"8219982\"}],\"chartType\":\"table\",\"sort\":[\"s0\"],\"order\":[\"DESC\"]}","tallyPeriod":null,"tallyStartDateTime":null}],"resource":{"tables":[{"rows":[{"fields":[{"language":"zh","value":"打卡（月度版）"},{"language":"en","value":"Timesheet (Monthly)"},{"language":"ja","value":""}],"objectId":"0","subObjectId":"-1"}],"type":"AppName"},{"rows":[{"fields":[{"language":"zh","value":"\u003Cdiv\u003E记录月度出勤时间的应用。\u003Cbr /\u003E输入出勤时间和退勤时间、便可自动计算出勤务时间。\u003Cbr /\u003E\u003Cbr /\u003E也可通过流程进行申请，由上司、管理者进行审批。\u003C/div\u003E"},{"language":"en","value":"\u003Cdiv\u003EAn application for recording the number of hours worked over the course of a month. \u003Cbr /\u003E\u003Cbr /\u003EThe application automatically calculates how many hours were worked from the inputted start and end times. \u003Cbr /\u003E\u003Cbr /\u003EThis application can also be used to submit completed time sheets for approval. \u003C/div\u003E"},{"language":"ja","value":""}],"objectId":"0","subObjectId":"-1"}],"type":"AppDescription"},{"rows":[{"fields":[{"language":"zh","value":"记录编号"},{"language":"en","value":"Record No."},{"language":"ja","value":""}],"objectId":"8957","subObjectId":"-1"},{"fields":[{"language":"zh","value":"更新人"},{"language":"en","value":"Last Updated By"},{"language":"ja","value":""}],"objectId":"8958","subObjectId":"-1"},{"fields":[{"language":"zh","value":"创建人"},{"language":"en","value":"Submitted By"},{"language":"ja","value":""}],"objectId":"8959","subObjectId":"-1"},{"fields":[{"language":"zh","value":"更新时间"},{"language":"en","value":"Updated"},{"language":"ja","value":""}],"objectId":"8960","subObjectId":"-1"},{"fields":[{"language":"zh","value":"申请时间"},{"language":"en","value":"Submitted"},{"language":"ja","value":""}],"objectId":"8961","subObjectId":"-1"},{"fields":[{"language":"zh","value":"状态"},{"language":"en","value":"Status"},{"language":"ja","value":""}],"objectId":"8962","subObjectId":"-1"},{"fields":[{"language":"zh","value":"执行者"},{"language":"en","value":"Assignee"},{"language":"ja","value":""}],"objectId":"8963","subObjectId":"-1"},{"fields":[{"language":"zh","value":"类别"},{"language":"en","value":"Categories"},{"language":"ja","value":""}],"objectId":"8964","subObjectId":"-1"},{"fields":[{"language":"zh","value":"起算日"},{"language":"en","value":"Start Date"},{"language":"ja","value":""}],"objectId":"8965","subObjectId":"-1"},{"fields":[{"language":"zh","value":"审批人"},{"language":"en","value":"Approved by"},{"language":"ja","value":""}],"objectId":"8980","subObjectId":"-1"},{"fields":[{"language":"zh","value":"明细"},{"language":"en","value":"Details"},{"language":"ja","value":""}],"objectId":"5350964","subObjectId":"-1"},{"fields":[{"language":"zh","value":"日期"},{"language":"en","value":"Date"},{"language":"ja","value":""}],"objectId":"5350957","subObjectId":"-1"},{"fields":[{"language":"zh","value":"出勤"},{"language":"en","value":"Arrival"},{"language":"ja","value":""}],"objectId":"5350958","subObjectId":"-1"},{"fields":[{"language":"zh","value":"退勤"},{"language":"en","value":"Departure"},{"language":"ja","value":""}],"objectId":"5350959","subObjectId":"-1"},{"fields":[{"language":"zh","value":"休息（分）"},{"language":"en","value":"Break Time (Min.)"},{"language":"ja","value":""}],"objectId":"5350960","subObjectId":"-1"},{"fields":[{"language":"zh","value":"上班时间"},{"language":"en","value":"Hours Worked"},{"language":"ja","value":""}],"objectId":"5350961","subObjectId":"-1"},{"fields":[{"language":"zh","value":"备注"},{"language":"en","value":"Memo"},{"language":"ja","value":""}],"objectId":"5350963","subObjectId":"-1"},{"fields":[],"objectId":"8219968","subObjectId":"-1"},{"fields":[],"objectId":"8219968","subObjectId":"8219967"},{"fields":[],"objectId":"8219968","subObjectId":"8219963"},{"fields":[],"objectId":"8219968","subObjectId":"8219964"},{"fields":[],"objectId":"8219968","subObjectId":"8219965"},{"fields":[],"objectId":"8219968","subObjectId":"8219966"},{"fields":[],"objectId":"8219982","subObjectId":"-1"},{"fields":[],"objectId":"8220340","subObjectId":"-1"},{"fields":[{"language":"zh","value":"员工编号"},{"language":"en","value":"Employee ID No."},{"language":"ja","value":""}],"objectId":"5350965","subObjectId":"-1"},{"fields":[{"language":"zh","value":"上班时间合计"},{"language":"en","value":"Total Hours Worked"},{"language":"ja","value":""}],"objectId":"5350966","subObjectId":"-1"},{"fields":[],"objectId":"8219983","subObjectId":"-1"},{"fields":[],"objectId":"8220523","subObjectId":"-1"}],"type":"FieldLabel"},{"rows":[{"fields":[{"language":"zh","value":"（全部）"},{"language":"en","value":"(All)"},{"language":"ja","value":""}],"objectId":"20","subObjectId":"-1"},{"fields":[{"language":"zh","value":"我的打卡"},{"language":"en","value":"My Timesheets"},{"language":"ja","value":""}],"objectId":"8970","subObjectId":"-1"},{"fields":[{"language":"zh","value":"（我的工作）"},{"language":"en","value":"(Assigned to me)"},{"language":"ja","value":""}],"objectId":"8979","subObjectId":"-1"}],"type":"ViewName"},{"rows":[{"fields":[{"language":"zh","value":"未申请（草稿）"},{"language":"en","value":"Unsubmitted (Draft)"},{"language":"ja","value":""}],"objectId":"8971","subObjectId":"-1"},{"fields":[{"language":"zh","value":"上司确认中"},{"language":"en","value":"Confirming with Supervisor"},{"language":"ja","value":""}],"objectId":"8972","subObjectId":"-1"},{"fields":[{"language":"zh","value":"批准"},{"language":"en","value":"Approved"},{"language":"ja","value":""}],"objectId":"8973","subObjectId":"-1"},{"fields":[{"language":"zh","value":"退回"},{"language":"en","value":"Sent Back"},{"language":"ja","value":""}],"objectId":"8974","subObjectId":"-1"}],"type":"StatusState"},{"rows":[{"fields":[{"language":"zh","value":"申请"},{"language":"en","value":"Submit"},{"language":"ja","value":""}],"objectId":"8975","subObjectId":"-1"},{"fields":[{"language":"zh","value":"批准"},{"language":"en","value":"Approve"},{"language":"ja","value":""}],"objectId":"8976","subObjectId":"-1"},{"fields":[{"language":"zh","value":"退回"},{"language":"en","value":"Send Back"},{"language":"ja","value":""}],"objectId":"8977","subObjectId":"-1"},{"fields":[{"language":"zh","value":"再申请"},{"language":"en","value":"Re-submit"},{"language":"ja","value":""}],"objectId":"8981","subObjectId":"-1"}],"type":"StatusAction"},{"rows":[{"fields":[],"objectId":"8220029","subObjectId":"-1"},{"fields":[],"objectId":"8220747","subObjectId":"-1"}],"type":"ReportName"}]},"schema":{"groups":[],"revision":null,"subTable":{"5350964":{"fieldList":{"5350957":{"id":"5350957","label":"日付","properties":{"defaultExpression":"NOW","defaultValue":null,"noLabel":"false","required":"false","unique":"false"},"type":"DATE","var":"日付"},"5350958":{"id":"5350958","label":"出勤","properties":{"defaultExpression":null,"defaultValue":"09:00","noLabel":"false","required":"false"},"type":"TIME","var":"出勤"},"5350959":{"id":"5350959","label":"退勤","properties":{"defaultExpression":null,"defaultValue":"18:00","noLabel":"false","required":"false"},"type":"TIME","var":"退勤"},"5350960":{"id":"5350960","label":"休憩（分）","properties":{"defaultValue":"60","digit":"false","displayScale":null,"max":null,"min":null,"noLabel":"false","required":"false","roundingMode":null,"scale":null,"unique":"false","unit":"","unitPosition":"BEFORE"},"type":"DECIMAL","var":"休憩"},"5350961":{"id":"5350961","label":"勤務時間","properties":{"displayScale":null,"expression":"IF(OR(勤怠=\"\", 勤怠=\"終日休\"), 0, IF(退勤-出勤-休憩*60\u003C0,退勤-出勤-休憩*60\u002B60*60*24,退勤-出勤-休憩*60))","format":"HOUR_MINUTE","hideExpression":"false","noLabel":"false","required":"false","roundingMode":null,"scale":null,"unit":"","unitPosition":"BEFORE"},"type":"CALC","var":"勤務時間"},"5350963":{"id":"5350963","label":"備考","properties":{"defaultValue":"","expression":"","hideExpression":"false","max":null,"min":null,"noLabel":"false","required":"false","unique":"false"},"type":"SINGLE_LINE_TEXT","var":"備考"},"8219968":{"id":"8219968","label":"勤怠","properties":{"defaultValue":"8219967","noLabel":"false","options":[{"id":"8219967","label":"通常勤務","valid":true},{"id":"8219963","label":"終日休","valid":true},{"id":"8219964","label":"午前休","valid":true},{"id":"8219965","label":"午後休","valid":true},{"id":"8219966","label":"早退","valid":true}],"required":"false"},"type":"SINGLE_SELECT","var":"勤怠"},"8219982":{"id":"8219982","label":"残業時間","properties":{"displayScale":null,"expression":"IF(AND(OR(勤怠=\"通常勤務\", 勤怠=\"早退\"),勤務時間\u003E60*60*8), 勤務時間-60*60*8, IF(AND(OR(勤怠=\"午前休\", 勤怠=\"午後休\"),勤務時間\u003E60*60*4), 勤務時間-60*60*4, 0))","format":"HOUR_MINUTE","hideExpression":"false","noLabel":"false","required":"false","roundingMode":null,"scale":null,"unit":"","unitPosition":"BEFORE"},"type":"CALC","var":"残業時間"},"8220340":{"id":"8220340","label":"深夜残業時間（午後10時から翌日午前5時まで）","properties":{"displayScale":null,"expression":"IF(出勤=退勤,7*60*60,\n  IF(AND(出勤\u003C=5*60*60, 出勤\u003C=退勤, 退勤\u003C=5*60*60),退勤-出勤,\n    IF(AND(出勤\u003C=5*60*60, 退勤\u003E=5*60*60, 退勤\u003C=22*60*60),5*60*60-出勤,\n      IF(AND(出勤\u003C=5*60*60, 退勤\u003E=22*60*60),(5*60*60-出勤)\u002B(退勤-22*60*60),\n        IF(AND(出勤\u003C=5*60*60, 退勤\u003C=出勤),(5*60*60-出勤)\u002B(2*60*60)\u002B退勤,\n          IF(AND(出勤\u003C=22*60*60, 退勤\u003E=22*60*60),退勤-22*60*60,\n            IF(AND(出勤\u003C=22*60*60, 退勤\u003C=5*60*60),2*60*60\u002B退勤,\n              IF(AND(出勤\u003C=22*60*60, 退勤\u003E=5*60*60, 退勤\u003C出勤),7*60*60,\n                IF(AND(出勤\u003E=22*60*60, 退勤\u003E=出勤),退勤-出勤,\n                  IF(AND(出勤\u003E=22*60*60, 退勤\u003C=出勤, 退勤\u003E=22*60*60),(24*60*60-出勤)\u002B5*60*60\u002B(退勤-22*60*60),\n                    IF(AND(出勤\u003E=22*60*60, 退勤\u003C=5*60*60),(24*60*60-出勤)\u002B退勤,\n                      IF(AND(出勤\u003E=22*60*60, 退勤\u003E=5*60*60, 退勤\u003C=22*60*60),(24*60*60-出勤)\u002B5*60*60,0\n                      )\n                    )\n                  )\n                )\n              )\n            )\n          )\n        )\n      )\n    )\n  )\n)","format":"HOUR_MINUTE","hideExpression":"false","noLabel":"false","required":"false","roundingMode":null,"scale":null,"unit":"","unitPosition":"BEFORE"},"type":"CALC","var":"深夜残業時間"}},"id":"5350964","label":"明細","properties":{"noLabel":"true"},"var":"明細"}},"table":{"fieldList":{"8957":{"id":"8957","label":"レコード番号","properties":{"noLabel":"false","required":"true"},"type":"RECORD_ID","var":"レコード番号"},"8958":{"id":"8958","label":"更新者","properties":{"noLabel":"false","required":"true"},"type":"MODIFIER","var":"更新者"},"8959":{"id":"8959","label":"申請者","properties":{"noLabel":"false","required":"true"},"type":"CREATOR","var":"申請者"},"8960":{"id":"8960","label":"更新日時","properties":{"noLabel":"false","required":"true"},"type":"MODIFIED_AT","var":"更新日時"},"8961":{"id":"8961","label":"申請日時","properties":{"noLabel":"false","required":"true"},"type":"CREATED_AT","var":"申請日時"},"8962":{"id":"8962","label":"ステータス","properties":{"noLabel":"false","required":"false"},"type":"STATUS","var":"ステータス"},"8963":{"id":"8963","label":"作業者","properties":{"noLabel":"false","required":"false"},"type":"STATUS_ASSIGNEE","var":"作業者"},"8964":{"id":"8964","label":"カテゴリー","properties":{"noLabel":"false","required":"false"},"type":"CATEGORY","var":"カテゴリー"},"8965":{"id":"8965","label":"起算日","properties":{"defaultExpression":"NOW","defaultValue":null,"noLabel":"false","required":"false","unique":"false"},"type":"DATE","var":"起算日"},"8980":{"id":"8980","label":"承認者","properties":{"defaultEntities":[],"defaultSelect":[],"entities":[],"noLabel":"false","required":"true","select":[]},"type":"USER_SELECT","var":"承認者"},"5350965":{"id":"5350965","label":"社員番号","properties":{"defaultValue":null,"digit":"false","displayScale":null,"max":null,"min":null,"noLabel":"false","required":"false","roundingMode":null,"scale":null,"unique":"false","unit":"","unitPosition":"BEFORE"},"type":"DECIMAL","var":"社員番号"},"5350966":{"id":"5350966","label":"勤務時間合計","properties":{"displayScale":null,"expression":"SUM(勤務時間)","format":"HOUR_MINUTE","hideExpression":"false","noLabel":"false","required":"false","roundingMode":null,"scale":null,"unit":"","unitPosition":"BEFORE"},"type":"CALC","var":"勤務時間合計"},"8219983":{"id":"8219983","label":"残業時間合計","properties":{"displayScale":null,"expression":"SUM(残業時間)","format":"HOUR_MINUTE","hideExpression":"false","noLabel":"false","required":"false","roundingMode":null,"scale":null,"unit":"","unitPosition":"BEFORE"},"type":"CALC","var":"残業時間合計"},"8220523":{"id":"8220523","label":"深夜残業時間合計","properties":{"displayScale":null,"expression":"SUM(深夜残業時間)","format":"HOUR_MINUTE","hideExpression":"false","noLabel":"false","required":"false","roundingMode":null,"scale":null,"unit":"","unitPosition":"BEFORE"},"type":"CALC","var":"深夜残業時間合計"}},"id":"1","label":"__ROOT__","properties":null,"var":"__ROOT__"}},"settingsNotesForm":{"content":null,"willBeInherited":null},"status":{"actions":[{"app":null,"assignees":[],"filter":"8975","from":"8971","fromLabel":null,"id":"8975","label":"申請する","record":null,"revision":null,"to":"8972","toApprovalType":null,"toLabel":null},{"app":null,"assignees":[],"filter":"8976","from":"8972","fromLabel":null,"id":"8976","label":"承認する","record":null,"revision":null,"to":"8973","toApprovalType":null,"toLabel":null},{"app":null,"assignees":[],"filter":"8976","from":"8972","fromLabel":null,"id":"8977","label":"差し戻す","record":null,"revision":null,"to":"8974","toApprovalType":null,"toLabel":null},{"app":null,"assignees":[],"filter":"8981","from":"8974","fromLabel":null,"id":"8981","label":"再申請する","record":null,"revision":null,"to":"8972","toApprovalType":null,"toLabel":null}],"filters":[{"condition":"","id":"8975","state":"8971"},{"condition":"","id":"8976","state":"8972"},{"condition":"","id":"8981","state":"8974"}],"initialStateId":"8971","states":[{"approvalType":"ONE","assignees":[{"entityId":"8959","entityName":"申請者","entityType":"FIELD_ENTITY","includeSubs":"false"}],"id":"8971","initial":true,"label":"未申請（下書き）","valid":true},{"approvalType":"ONE","assignees":[{"entityId":"8980","entityName":"承認者","entityType":"FIELD_ENTITY","includeSubs":"false"}],"id":"8972","initial":false,"label":"上長確認中","valid":true},{"approvalType":"ONE","assignees":[],"id":"8973","initial":false,"label":"承認","valid":true},{"approvalType":"ONE","assignees":[{"entityId":"8959","entityName":"申請者","entityType":"FIELD_ENTITY","includeSubs":"false"}],"id":"8974","initial":false,"label":"差し戻し","valid":true}],"useStatus":"true"},"uuid":"6af93096-8cd5-4aac-b552-b0ea459850bb","views":[{"advancedMode":"false","builtinType":null,"device":null,"fields":[{"row":[{"columnWidth":null,"id":"8959"},{"columnWidth":null,"id":"8965"},{"columnWidth":null,"id":"8962"},{"columnWidth":null,"id":"5350966"}]}],"filter":{"category":null,"offset":null,"order":["DESC"],"q":"f8959 in (\" USER\", LOGINUSER())","size":null,"sort":["f8961"]},"html":null,"keyFieldId":null,"name":"自分のカード","pager":null,"revision":null,"titleFieldId":null,"view":"8970","viewType":"LIST"},{"advancedMode":"false","builtinType":"ASSIGN","device":null,"fields":[{"row":[{"columnWidth":null,"id":"8957"},{"columnWidth":null,"id":"8965"},{"columnWidth":null,"id":"8962"},{"columnWidth":null,"id":"8963"}]}],"filter":{"category":null,"offset":null,"order":[],"q":"f8963 in (LOGINUSER())","size":null,"sort":[]},"html":null,"keyFieldId":null,"name":"（作業者が自分）","pager":null,"revision":null,"titleFieldId":null,"view":"8979","viewType":"LIST"},{"advancedMode":null,"builtinType":"ALL","device":null,"fields":[{"row":[{"columnWidth":null,"id":"8957"},{"columnWidth":null,"id":"8965"},{"columnWidth":null,"id":"8962"},{"columnWidth":null,"id":"8963"},{"columnWidth":null,"id":"8980"},{"columnWidth":null,"id":"5350965"},{"columnWidth":null,"id":"5350966"},{"columnWidth":null,"id":"8219983"},{"columnWidth":null,"id":"8220523"}]}],"filter":{"category":null,"offset":null,"order":[],"q":null,"size":null,"sort":[]},"html":null,"keyFieldId":null,"name":"（すべて）","pager":null,"revision":null,"titleFieldId":null,"view":"20","viewType":"LIST"}]}],"description":"","iconKey":"2023011102430488290CA31DE94D199DF1D4449851EFAC029","iconMeta":{"internalName":null,"mime":"image/png","name":"app48.png"},"iconSrcAppId":"6af93096-8cd5-4aac-b552-b0ea459850bb","iconType":"BLOB","imagesMeta":[],"lookups":[],"name":"深夜残業時間","references":[],"version":"39"}