{"actions":[],"apps":[{"acl":{"app":[],"field":[],"record":[]},"app":null,"category":{"categories":[],"useCategory":"false"},"form":{"layout":"[{\"id\":null,\"type\":\"ROW\",\"isSubTable\":false,\"var\":null,\"label\":null,\"controlList\":[{\"label\":\"\\u003Cdiv\\u003E\\u003Cfont size=\\\"6\\\" color=\\\"#0000ff\\\"\\u003E\\u003Cb\\u003E例1\\u003C/b\\u003E\\u003C/font\\u003E\\u003C/div\\u003E\",\"styleMap\":{\"width\":150},\"formatted\":\"\\u003Cdiv\\u003E\\u003Cfont size=\\\"6\\\" color=\\\"#0000ff\\\"\\u003E\\u003Cb\\u003E例1\\u003C/b\\u003E\\u003C/font\\u003E\\u003C/div\\u003E\",\"type\":\"LABEL\"}]},{\"id\":\"6434063\",\"type\":\"SUBTABLE\",\"isSubTable\":true,\"var\":\"テーブル_0\",\"label\":\"店舗別売上\",\"controlList\":[{\"isVirtical\":true,\"styleMap\":{\"width\":117},\"type\":\"DATE\",\"var\":\"日付\",\"label\":\"日付\"},{\"isVirtical\":true,\"styleMap\":{\"width\":196},\"type\":\"SINGLE_SELECT\",\"var\":\"店舗\",\"label\":\"店舗\"},{\"isVirtical\":true,\"styleMap\":{\"width\":193},\"type\":\"DECIMAL\",\"var\":\"売上\",\"label\":\"売上\"},{\"isVirtical\":true,\"styleMap\":{\"width\":194},\"type\":\"CALC\",\"var\":\"大阪店売上\",\"label\":\"大阪店売上\"}]},{\"id\":null,\"type\":\"ROW\",\"isSubTable\":false,\"var\":null,\"label\":null,\"controlList\":[{\"isVirtical\":true,\"styleMap\":{\"width\":193},\"type\":\"CALC\",\"var\":\"計算_0\",\"label\":\"全体売上合計\"},{\"isVirtical\":true,\"styleMap\":{\"width\":193},\"type\":\"CALC\",\"var\":\"大阪店売上合計\",\"label\":\"大阪店売上合計\"}]},{\"id\":null,\"type\":\"ROW\",\"isSubTable\":false,\"var\":null,\"label\":null,\"controlList\":[{\"styleMap\":{\"width\":117,\"height\":66},\"elementId\":\"\",\"type\":\"SPACER\"}]},{\"id\":null,\"type\":\"ROW\",\"isSubTable\":false,\"var\":null,\"label\":null,\"controlList\":[{\"label\":\"\\u003Cdiv\\u003E\\u003Cfont size=\\\"6\\\" color=\\\"#0000ff\\\"\\u003E\\u003Cb\\u003E例2\\u003C/b\\u003E\\u003C/font\\u003E\\u003C/div\\u003E\",\"styleMap\":{\"width\":150},\"formatted\":\"\\u003Cdiv\\u003E\\u003Cfont size=\\\"6\\\" color=\\\"#0000ff\\\"\\u003E\\u003Cb\\u003E例2\\u003C/b\\u003E\\u003C/font\\u003E\\u003C/div\\u003E\",\"type\":\"LABEL\"}]},{\"id\":\"6434044\",\"type\":\"SUBTABLE\",\"isSubTable\":true,\"var\":\"テーブル\",\"label\":\"明細\",\"controlList\":[{\"isVirtical\":true,\"styleMap\":{\"width\":193},\"type\":\"SINGLE_LINE_TEXT\",\"var\":\"明細\",\"label\":\"項目名\"},{\"isVirtical\":true,\"styleMap\":{\"width\":112},\"type\":\"MULTIPLE_CHECK\",\"var\":\"自費\",\"label\":\"自費\",\"align\":\"horizontal\"},{\"isVirtical\":true,\"styleMap\":{\"width\":193},\"type\":\"DECIMAL\",\"var\":\"金額\",\"label\":\"金額\"},{\"isVirtical\":true,\"styleMap\":{\"width\":193},\"type\":\"CALC\",\"var\":\"自費金額\",\"label\":\"自費金額\"},{\"isVirtical\":true,\"styleMap\":{\"width\":193},\"type\":\"CALC\",\"var\":\"自費以外金額\",\"label\":\"自費以外金額\"}]},{\"id\":null,\"type\":\"ROW\",\"isSubTable\":false,\"var\":null,\"label\":null,\"controlList\":[{\"isVirtical\":true,\"styleMap\":{\"width\":193},\"type\":\"CALC\",\"var\":\"計算_1\",\"label\":\"自費合計\"},{\"isVirtical\":true,\"styleMap\":{\"width\":193},\"type\":\"CALC\",\"var\":\"計算_2\",\"label\":\"自費以外合計\"}]}]","revision":null},"iconMeta":null,"info":{"automaticallyChooseTitleComponent":"true","code":null,"decimalPrecision":"16","decimalScale":"4","description":"","enableBulkDeletion":"false","enableRecordReuse":"true","fiscalYearStartMonth":"4","iconKey":"APP39","iconType":"PRESET","jsFiles":null,"jsScope":"ALL","name":"条件を指定して数値を合計するアプリ","roundingMode":"HALF_EVEN","theme":"PLAIN","titleComponentLocalId":null,"useComment":"true","useHistory":"true","useThumbnail":"true"},"jsFiles":[],"notification":{"appNotifications":[{"events":["RECORD_COMMENT_ADDED"],"target":{"entityId":"6434026","entityType":"FIELD_ENTITY","includeSubs":"false"}},{"events":["RECORD_COMMENT_ADDED"],"target":{"entityId":"6434027","entityType":"FIELD_ENTITY","includeSubs":"false"}}],"recordNotifications":[],"reminderTimezone":null,"reminders":[],"useComment":"true","useReminder":"false"},"plugins":[],"reports":[],"resource":{"tables":[{"rows":[{"fields":[],"objectId":"0","subObjectId":"-1"}],"type":"AppName"},{"rows":[{"fields":[],"objectId":"0","subObjectId":"-1"}],"type":"AppDescription"},{"rows":[{"fields":[],"objectId":"6434025","subObjectId":"-1"},{"fields":[],"objectId":"6434026","subObjectId":"-1"},{"fields":[],"objectId":"6434027","subObjectId":"-1"},{"fields":[],"objectId":"6434028","subObjectId":"-1"},{"fields":[],"objectId":"6434029","subObjectId":"-1"},{"fields":[],"objectId":"6434030","subObjectId":"-1"},{"fields":[],"objectId":"6434031","subObjectId":"-1"},{"fields":[],"objectId":"6434032","subObjectId":"-1"},{"fields":[],"objectId":"6434044","subObjectId":"-1"},{"fields":[],"objectId":"6434039","subObjectId":"-1"},{"fields":[],"objectId":"6434040","subObjectId":"-1"},{"fields":[],"objectId":"6434040","subObjectId":"6434033"},{"fields":[],"objectId":"6434041","subObjectId":"-1"},{"fields":[],"objectId":"6434042","subObjectId":"-1"},{"fields":[],"objectId":"6434043","subObjectId":"-1"},{"fields":[],"objectId":"6434045","subObjectId":"-1"},{"fields":[],"objectId":"6434046","subObjectId":"-1"},{"fields":[],"objectId":"6434063","subObjectId":"-1"},{"fields":[],"objectId":"6434059","subObjectId":"-1"},{"fields":[],"objectId":"6434060","subObjectId":"-1"},{"fields":[],"objectId":"6434060","subObjectId":"6434050"},{"fields":[],"objectId":"6434060","subObjectId":"6434051"},{"fields":[],"objectId":"6434060","subObjectId":"6434052"},{"fields":[],"objectId":"6434060","subObjectId":"6434053"},{"fields":[],"objectId":"6434060","subObjectId":"6434054"},{"fields":[],"objectId":"6434061","subObjectId":"-1"},{"fields":[],"objectId":"6434062","subObjectId":"-1"},{"fields":[],"objectId":"6434064","subObjectId":"-1"},{"fields":[],"objectId":"6434065","subObjectId":"-1"}],"type":"FieldLabel"},{"rows":[{"fields":[],"objectId":"6434049","subObjectId":"-1"},{"fields":[],"objectId":"20","subObjectId":"-1"}],"type":"ViewName"}]},"schema":{"groups":[],"revision":null,"subTable":{"6434044":{"fieldList":{"6434039":{"id":"6434039","label":"項目名","properties":{"defaultValue":"","expression":"","hideExpression":"false","max":null,"min":null,"noLabel":"false","required":"false","unique":"false"},"type":"SINGLE_LINE_TEXT","var":"明細"},"6434040":{"id":"6434040","label":"自費","properties":{"defaultValue":[],"noLabel":"false","options":[{"id":"6434033","label":"自費","valid":true}],"required":"false"},"type":"MULTIPLE_CHECK","var":"自費"},"6434041":{"id":"6434041","label":"金額","properties":{"defaultValue":null,"digit":"true","displayScale":null,"max":null,"min":null,"noLabel":"false","required":"false","roundingMode":null,"scale":null,"unique":"false","unit":"","unitPosition":"BEFORE"},"type":"DECIMAL","var":"金額"},"6434042":{"id":"6434042","label":"自費金額","properties":{"displayScale":null,"expression":"IF(CONTAINS(自費,\"自費\"),金額,\"\")","format":"NUMBER_DIGIT","hideExpression":"false","noLabel":"false","required":"false","roundingMode":null,"scale":null,"unit":"","unitPosition":"BEFORE"},"type":"CALC","var":"自費金額"},"6434043":{"id":"6434043","label":"自費以外金額","properties":{"displayScale":null,"expression":"IF(CONTAINS(自費,\"自費\"),\"\",金額)","format":"NUMBER_DIGIT","hideExpression":"false","noLabel":"false","required":"false","roundingMode":null,"scale":null,"unit":"","unitPosition":"BEFORE"},"type":"CALC","var":"自費以外金額"}},"id":"6434044","label":"明細","properties":{"noLabel":"false"},"var":"テーブル"},"6434063":{"fieldList":{"6434059":{"id":"6434059","label":"日付","properties":{"defaultExpression":"NOW","defaultValue":null,"noLabel":"false","required":"false","unique":"false"},"type":"DATE","var":"日付"},"6434060":{"id":"6434060","label":"店舗","properties":{"defaultValue":null,"noLabel":"false","options":[{"id":"6434050","label":"東京","valid":true},{"id":"6434051","label":"大阪","valid":true},{"id":"6434052","label":"福岡","valid":true},{"id":"6434053","label":"仙台","valid":true},{"id":"6434054","label":"札幌","valid":true}],"required":"false"},"type":"SINGLE_SELECT","var":"店舗"},"6434061":{"id":"6434061","label":"売上","properties":{"defaultValue":null,"digit":"true","displayScale":null,"max":null,"min":null,"noLabel":"false","required":"false","roundingMode":null,"scale":null,"unique":"false","unit":"","unitPosition":"BEFORE"},"type":"DECIMAL","var":"売上"},"6434062":{"id":"6434062","label":"大阪店売上","properties":{"displayScale":null,"expression":"IF(店舗=\"大阪\",売上,0)","format":"NUMBER_DIGIT","hideExpression":"false","noLabel":"false","required":"false","roundingMode":null,"scale":null,"unit":"","unitPosition":"BEFORE"},"type":"CALC","var":"大阪店売上"}},"id":"6434063","label":"店舗別売上","properties":{"noLabel":"false"},"var":"テーブル_0"}},"table":{"fieldList":{"6434025":{"id":"6434025","label":"レコード番号","properties":{"noLabel":"false","required":"true"},"type":"RECORD_ID","var":"レコード番号"},"6434026":{"id":"6434026","label":"更新者","properties":{"noLabel":"false","required":"true"},"type":"MODIFIER","var":"更新者"},"6434027":{"id":"6434027","label":"作成者","properties":{"noLabel":"false","required":"true"},"type":"CREATOR","var":"作成者"},"6434028":{"id":"6434028","label":"更新日時","properties":{"noLabel":"false","required":"true"},"type":"MODIFIED_AT","var":"更新日時"},"6434029":{"id":"6434029","label":"作成日時","properties":{"noLabel":"false","required":"true"},"type":"CREATED_AT","var":"作成日時"},"6434030":{"id":"6434030","label":"ステータス","properties":{"noLabel":"false","required":"false"},"type":"STATUS","var":"ステータス"},"6434031":{"id":"6434031","label":"作業者","properties":{"noLabel":"false","required":"false"},"type":"STATUS_ASSIGNEE","var":"作業者"},"6434032":{"id":"6434032","label":"カテゴリー","properties":{"noLabel":"false","required":"false"},"type":"CATEGORY","var":"カテゴリー"},"6434045":{"id":"6434045","label":"自費合計","properties":{"displayScale":null,"expression":"SUM(自費金額)","format":"NUMBER_DIGIT","hideExpression":"false","noLabel":"false","required":"false","roundingMode":null,"scale":null,"unit":"","unitPosition":"BEFORE"},"type":"CALC","var":"計算_1"},"6434046":{"id":"6434046","label":"自費以外合計","properties":{"displayScale":null,"expression":"SUM(自費以外金額)","format":"NUMBER_DIGIT","hideExpression":"false","noLabel":"false","required":"false","roundingMode":null,"scale":null,"unit":"","unitPosition":"BEFORE"},"type":"CALC","var":"計算_2"},"6434064":{"id":"6434064","label":"全体売上合計","properties":{"displayScale":null,"expression":"SUM(売上)","format":"NUMBER_DIGIT","hideExpression":"false","noLabel":"false","required":"false","roundingMode":null,"scale":null,"unit":"","unitPosition":"BEFORE"},"type":"CALC","var":"計算_0"},"6434065":{"id":"6434065","label":"大阪店売上合計","properties":{"displayScale":null,"expression":"SUM(大阪店売上)","format":"NUMBER_DIGIT","hideExpression":"false","noLabel":"false","required":"false","roundingMode":null,"scale":null,"unit":"","unitPosition":"BEFORE"},"type":"CALC","var":"大阪店売上合計"}},"id":"1","label":"__ROOT__","properties":null,"var":"__ROOT__"}},"settingsNotesForm":{"content":null,"willBeInherited":null},"status":{"actions":[],"filters":[],"initialStateId":null,"states":[],"useStatus":"false"},"uuid":"b4678dc2-b121-4f5f-b7d3-f95b2ebdfc54","views":[{"advancedMode":"false","builtinType":null,"device":null,"fields":[{"row":[{"columnWidth":null,"id":"6434063"},{"columnWidth":null,"id":"6434065"},{"columnWidth":null,"id":"6434044"},{"columnWidth":null,"id":"6434045"},{"columnWidth":null,"id":"6434046"}]}],"filter":{"category":null,"offset":null,"order":["DESC"],"q":null,"size":null,"sort":["f6434025"]},"html":null,"keyFieldId":null,"name":"一覧1","pager":null,"revision":null,"titleFieldId":null,"view":"6434049","viewType":"LIST"},{"advancedMode":null,"builtinType":"ALL","device":null,"fields":[{"row":[{"columnWidth":null,"id":"6434025"},{"columnWidth":null,"id":"6434045"},{"columnWidth":null,"id":"6434046"},{"columnWidth":null,"id":"6434064"},{"columnWidth":null,"id":"6434065"}]}],"filter":{"category":null,"offset":null,"order":[],"q":null,"size":null,"sort":[]},"html":null,"keyFieldId":null,"name":"（すべて）","pager":null,"revision":null,"titleFieldId":null,"view":"20","viewType":"LIST"}]}],"description":"https://jp.cybozu.help/k/ja/utility/app/sumif.htmlのページで紹介しているアプリテンプレートです。","iconKey":"APP39","iconMeta":null,"iconSrcAppId":"b4678dc2-b121-4f5f-b7d3-f95b2ebdfc54","iconType":"PRESET","imagesMeta":[],"lookups":[],"name":"kintone_sumif","references":[],"version":"39"}