{"actions":[],"apps":[{"acl":{"app":[],"field":[],"record":[]},"app":null,"category":{"categories":[],"useCategory":"false"},"form":{"layout":"[{\"id\":null,\"type\":\"ROW\",\"isSubTable\":false,\"var\":null,\"label\":null,\"controlList\":[{\"isVirtical\":true,\"styleMap\":{\"width\":117},\"type\":\"DATE\",\"var\":\"日付\",\"label\":\"日付\"}]},{\"id\":null,\"type\":\"ROW\",\"isSubTable\":false,\"var\":null,\"label\":null,\"controlList\":[{\"isVirtical\":true,\"styleMap\":{\"width\":193},\"type\":\"CALC\",\"var\":\"日部分\",\"label\":\"日部分\"}]},{\"id\":null,\"type\":\"ROW\",\"isSubTable\":false,\"var\":null,\"label\":null,\"controlList\":[{\"isVirtical\":true,\"styleMap\":{\"width\":193},\"type\":\"CALC\",\"var\":\"月初日\",\"label\":\"月初日\"}]},{\"id\":null,\"type\":\"ROW\",\"isSubTable\":false,\"var\":null,\"label\":null,\"controlList\":[{\"isVirtical\":true,\"styleMap\":{\"width\":193},\"type\":\"SINGLE_LINE_TEXT\",\"var\":\"月初曜日\",\"label\":\"月初曜日\"}]},{\"id\":null,\"type\":\"ROW\",\"isSubTable\":false,\"var\":null,\"label\":null,\"controlList\":[{\"isVirtical\":true,\"styleMap\":{\"width\":193},\"type\":\"CALC\",\"var\":\"週数\",\"label\":\"週数\"}]},{\"id\":null,\"type\":\"ROW\",\"isSubTable\":false,\"var\":null,\"label\":null,\"controlList\":[{\"isVirtical\":true,\"styleMap\":{\"width\":193},\"type\":\"SINGLE_LINE_TEXT\",\"var\":\"第何週\",\"label\":\"第何週\"}]}]","revision":null},"iconMeta":null,"info":{"automaticallyChooseTitleComponent":"true","code":null,"decimalPrecision":"16","decimalScale":"4","description":"","enableBulkDeletion":"false","enableRecordReuse":"true","fiscalYearStartMonth":"4","iconKey":"APP39","iconType":"PRESET","jsFiles":null,"jsScope":"ALL","name":"第何週かを算出するアプリ","roundingMode":"HALF_EVEN","theme":"PLAIN","titleComponentLocalId":null,"useComment":"true","useHistory":"true","useThumbnail":"true"},"jsFiles":[],"notification":{"appNotifications":[{"events":["RECORD_COMMENT_ADDED"],"target":{"entityId":"6451158","entityType":"FIELD_ENTITY","includeSubs":"false"}},{"events":["RECORD_COMMENT_ADDED"],"target":{"entityId":"6451159","entityType":"FIELD_ENTITY","includeSubs":"false"}}],"recordNotifications":[],"reminderTimezone":null,"reminders":[],"useComment":"true","useReminder":"false"},"plugins":[],"reports":[{"advancedMode":"false","filter":{"category":null,"offset":null,"order":[],"q":null,"size":null,"sort":[]},"isAborted":null,"name":"何週目","processType":null,"report":"6451176","reportType":"SUBTOTAL","revision":null,"settings":"{\"groups\":[{\"id\":\"6451170\",\"op\":null}],\"summaries\":[{\"op\":\"COUNT\",\"id\":null}],\"chartType\":\"table\",\"sort\":[\"s0\"],\"order\":[\"DESC\"]}","tallyPeriod":null,"tallyStartDateTime":null}],"resource":{"tables":[{"rows":[{"fields":[],"objectId":"0","subObjectId":"-1"}],"type":"AppName"},{"rows":[{"fields":[],"objectId":"0","subObjectId":"-1"}],"type":"AppDescription"},{"rows":[{"fields":[],"objectId":"6451157","subObjectId":"-1"},{"fields":[],"objectId":"6451158","subObjectId":"-1"},{"fields":[],"objectId":"6451159","subObjectId":"-1"},{"fields":[],"objectId":"6451160","subObjectId":"-1"},{"fields":[],"objectId":"6451161","subObjectId":"-1"},{"fields":[],"objectId":"6451162","subObjectId":"-1"},{"fields":[],"objectId":"6451163","subObjectId":"-1"},{"fields":[],"objectId":"6451164","subObjectId":"-1"},{"fields":[],"objectId":"6451165","subObjectId":"-1"},{"fields":[],"objectId":"6451166","subObjectId":"-1"},{"fields":[],"objectId":"6451167","subObjectId":"-1"},{"fields":[],"objectId":"6451169","subObjectId":"-1"},{"fields":[],"objectId":"6451170","subObjectId":"-1"},{"fields":[],"objectId":"6451172","subObjectId":"-1"}],"type":"FieldLabel"},{"rows":[{"fields":[],"objectId":"20","subObjectId":"-1"}],"type":"ViewName"},{"rows":[{"fields":[],"objectId":"6451176","subObjectId":"-1"}],"type":"ReportName"}]},"schema":{"groups":[],"revision":null,"subTable":{},"table":{"fieldList":{"6451157":{"id":"6451157","label":"レコード番号","properties":{"noLabel":"false","required":"true"},"type":"RECORD_ID","var":"レコード番号"},"6451158":{"id":"6451158","label":"更新者","properties":{"noLabel":"false","required":"true"},"type":"MODIFIER","var":"更新者"},"6451159":{"id":"6451159","label":"作成者","properties":{"noLabel":"false","required":"true"},"type":"CREATOR","var":"作成者"},"6451160":{"id":"6451160","label":"更新日時","properties":{"noLabel":"false","required":"true"},"type":"MODIFIED_AT","var":"更新日時"},"6451161":{"id":"6451161","label":"作成日時","properties":{"noLabel":"false","required":"true"},"type":"CREATED_AT","var":"作成日時"},"6451162":{"id":"6451162","label":"ステータス","properties":{"noLabel":"false","required":"false"},"type":"STATUS","var":"ステータス"},"6451163":{"id":"6451163","label":"作業者","properties":{"noLabel":"false","required":"false"},"type":"STATUS_ASSIGNEE","var":"作業者"},"6451164":{"id":"6451164","label":"カテゴリー","properties":{"noLabel":"false","required":"false"},"type":"CATEGORY","var":"カテゴリー"},"6451165":{"id":"6451165","label":"日付","properties":{"defaultExpression":"NOW","defaultValue":null,"noLabel":"false","required":"false","unique":"false"},"type":"DATE","var":"日付"},"6451166":{"id":"6451166","label":"日部分","properties":{"displayScale":null,"expression":"DATE_FORMAT(日付, \"d\", \"Asia/Tokyo\")","format":"NUMBER","hideExpression":"false","noLabel":"false","required":"false","roundingMode":null,"scale":null,"unit":"","unitPosition":"BEFORE"},"type":"CALC","var":"日部分"},"6451167":{"id":"6451167","label":"月初日","properties":{"displayScale":null,"expression":"日付-((日部分-1)*60*60*24)","format":"NUMBER","hideExpression":"false","noLabel":"false","required":"false","roundingMode":null,"scale":null,"unit":"","unitPosition":"BEFORE"},"type":"CALC","var":"月初日"},"6451169":{"id":"6451169","label":"週数","properties":{"displayScale":null,"expression":"IF(月初曜日=\"日曜\", IF(日部分\u003C=7, 1, IF(ROUNDUP((日部分-7)/7)-ROUNDDOWN((日部分-7)/7)=0, ROUNDDOWN((日部分-7)/7)\u002B1, ROUNDDOWN((日部分-7)/7)\u002B2)),\n     IF(月初曜日=\"月曜\", IF(日部分\u003C=6, 1, IF(ROUNDUP((日部分-6)/7)-ROUNDDOWN((日部分-6)/7)=0, ROUNDDOWN((日部分-6)/7)\u002B1, ROUNDDOWN((日部分-6)/7)\u002B2)),\n       IF(月初曜日=\"火曜\", IF(日部分\u003C=5, 1, IF(ROUNDUP((日部分-5)/7)-ROUNDDOWN((日部分-5)/7)=0, ROUNDDOWN((日部分-5)/7)\u002B1, ROUNDDOWN((日部分-5)/7)\u002B2)),\n         IF(月初曜日=\"水曜\", IF(日部分\u003C=4, 1, IF(ROUNDUP((日部分-4)/7)-ROUNDDOWN((日部分-4)/7)=0, ROUNDDOWN((日部分-4)/7)\u002B1, ROUNDDOWN((日部分-4)/7)\u002B2)),\n           IF(月初曜日=\"木曜\", IF(日部分\u003C=3, 1, IF(ROUNDUP((日部分-3)/7)-ROUNDDOWN((日部分-3)/7)=0, ROUNDDOWN((日部分-3)/7)\u002B1, ROUNDDOWN((日部分-3)/7)\u002B2)),\n             IF(月初曜日=\"金曜\", IF(日部分\u003C=2, 1, IF(ROUNDUP((日部分-2)/7)-ROUNDDOWN((日部分-2)/7)=0, ROUNDDOWN((日部分-2)/7)\u002B1, ROUNDDOWN((日部分-2)/7)\u002B2)),\n               IF(月初曜日=\"土曜\", IF(日部分\u003C=1, 1, IF(ROUNDUP((日部分-1)/7)-ROUNDDOWN((日部分-1)/7)=0, ROUNDDOWN((日部分-1)/7)\u002B1, ROUNDDOWN((日部分-1)/7)\u002B2)), \"該当なし\"\n               )\n             )\n           )\n         )\n       )\n     )\n   )","format":"NUMBER","hideExpression":"false","noLabel":"false","required":"false","roundingMode":null,"scale":null,"unit":"","unitPosition":"BEFORE"},"type":"CALC","var":"週数"},"6451170":{"id":"6451170","label":"第何週","properties":{"defaultValue":"","expression":"DATE_FORMAT(日付, \"YYYY年MM月の\", \"Asia/Tokyo\")&\"第\"&週数&\"週\"","hideExpression":"false","max":null,"min":null,"noLabel":"false","required":"false","unique":"false"},"type":"SINGLE_LINE_TEXT","var":"第何週"},"6451172":{"id":"6451172","label":"月初曜日","properties":{"defaultValue":"","expression":"IF( ( ( (月初日 / 60 / 60 / 24) - 0) / 7 ) - ROUNDUP(( ( (月初日 / 60 / 60 / 24) - 0) / 7 ) , 0) = 0 , \"木曜\",\n     IF( ( ( (月初日 / 60 / 60 / 24) - 1) / 7 ) - ROUNDUP(( ( (月初日 / 60 / 60 / 24) - 1) / 7 ) , 0) = 0 , \"金曜\",\n       IF( ( ( (月初日 / 60 / 60 / 24) - 2) / 7 ) - ROUNDUP(( ( (月初日 / 60 / 60 / 24) - 2) / 7 ) , 0) = 0 , \"土曜\",\n         IF( ( ( (月初日 / 60 / 60 / 24) - 3) / 7 ) - ROUNDUP(( ( (月初日 / 60 / 60 / 24) - 3) / 7 ) , 0) = 0 , \"日曜\",\n           IF( ( ( (月初日 / 60 / 60 / 24) - 4) / 7 ) - ROUNDUP(( ( (月初日 / 60 / 60 / 24) - 4) / 7 ) , 0) = 0 , \"月曜\",\n             IF( ( ( (月初日 / 60 / 60 / 24) - 5) / 7 ) - ROUNDUP(( ( (月初日 / 60 / 60 / 24) - 5) / 7 ) , 0) = 0 , \"火曜\",\n               IF( ( ( (月初日 / 60 / 60 / 24) - 6) / 7 ) - ROUNDUP(( ( (月初日 / 60 / 60 / 24) - 6) / 7 ) , 0) = 0 , \"水曜\",\"該当なし\"\n               )\n             )\n           )\n         )\n       )\n     )\n   )","hideExpression":"false","max":null,"min":null,"noLabel":"false","required":"false","unique":"false"},"type":"SINGLE_LINE_TEXT","var":"月初曜日"}},"id":"1","label":"__ROOT__","properties":null,"var":"__ROOT__"}},"settingsNotesForm":{"content":null,"willBeInherited":null},"status":{"actions":[],"filters":[],"initialStateId":null,"states":[],"useStatus":"false"},"uuid":"16172a4c-64f4-4044-ab78-dc13ffaac2a0","views":[{"advancedMode":null,"builtinType":"ALL","device":null,"fields":[{"row":[{"columnWidth":null,"id":"6451157"},{"columnWidth":null,"id":"6451165"},{"columnWidth":null,"id":"6451166"},{"columnWidth":null,"id":"6451167"},{"columnWidth":null,"id":"6451169"},{"columnWidth":null,"id":"6451170"},{"columnWidth":null,"id":"6451172"}]}],"filter":{"category":null,"offset":null,"order":[],"q":null,"size":null,"sort":[]},"html":null,"keyFieldId":null,"name":"（すべて）","pager":null,"revision":null,"titleFieldId":null,"view":"20","viewType":"LIST"}]}],"description":"","iconKey":"APP39","iconMeta":null,"iconSrcAppId":"16172a4c-64f4-4044-ab78-dc13ffaac2a0","iconType":"PRESET","imagesMeta":[],"lookups":[],"name":"第何週かを算出するアプリ","references":[],"version":"39"}