{"actions":[],"apps":[{"acl":{"app":[],"field":[],"record":[]},"app":null,"category":{"categories":[],"useCategory":"false"},"form":{"layout":"[{\"id\":null,\"type\":\"ROW\",\"isSubTable\":false,\"var\":null,\"label\":null,\"controlList\":[{\"isVirtical\":true,\"styleMap\":{\"width\":117},\"type\":\"DATE\",\"var\":\"日付\",\"label\":\"日付\"}]},{\"id\":null,\"type\":\"ROW\",\"isSubTable\":false,\"var\":null,\"label\":null,\"controlList\":[{\"isVirtical\":true,\"styleMap\":{\"width\":193},\"type\":\"SINGLE_LINE_TEXT\",\"var\":\"うるう年判定\",\"label\":\"うるう年判定\"}]},{\"id\":null,\"type\":\"ROW\",\"isSubTable\":false,\"var\":null,\"label\":null,\"controlList\":[{\"isVirtical\":true,\"styleMap\":{\"width\":193},\"type\":\"CALC\",\"var\":\"年\",\"label\":\"年\"},{\"isVirtical\":true,\"styleMap\":{\"width\":193},\"type\":\"CALC\",\"var\":\"月\",\"label\":\"月\"}]},{\"id\":null,\"type\":\"ROW\",\"isSubTable\":false,\"var\":null,\"label\":null,\"controlList\":[{\"isVirtical\":true,\"styleMap\":{\"width\":193},\"type\":\"SINGLE_LINE_TEXT\",\"var\":\"文字列__1行__0\",\"label\":\"月末日\"}]}]","revision":null},"iconMeta":null,"info":{"automaticallyChooseTitleComponent":"true","code":null,"decimalPrecision":"16","decimalScale":"4","description":"","enableBulkDeletion":"false","enableRecordReuse":"true","fiscalYearStartMonth":"4","iconKey":"APP39","iconType":"PRESET","jsFiles":null,"jsScope":"ALL","name":"leap_year","roundingMode":"HALF_EVEN","theme":"PLAIN","titleComponentLocalId":null,"useComment":"true","useHistory":"true","useThumbnail":"true"},"jsFiles":[],"notification":{"appNotifications":[{"events":["RECORD_COMMENT_ADDED"],"target":{"entityId":"6424605","entityType":"FIELD_ENTITY","includeSubs":"false"}},{"events":["RECORD_COMMENT_ADDED"],"target":{"entityId":"6424606","entityType":"FIELD_ENTITY","includeSubs":"false"}}],"recordNotifications":[],"reminderTimezone":null,"reminders":[],"useComment":"true","useReminder":"false"},"plugins":[],"reports":[],"resource":{"tables":[{"rows":[{"fields":[],"objectId":"0","subObjectId":"-1"}],"type":"AppName"},{"rows":[{"fields":[],"objectId":"0","subObjectId":"-1"}],"type":"AppDescription"},{"rows":[{"fields":[],"objectId":"6424604","subObjectId":"-1"},{"fields":[],"objectId":"6424605","subObjectId":"-1"},{"fields":[],"objectId":"6424606","subObjectId":"-1"},{"fields":[],"objectId":"6424607","subObjectId":"-1"},{"fields":[],"objectId":"6424608","subObjectId":"-1"},{"fields":[],"objectId":"6424609","subObjectId":"-1"},{"fields":[],"objectId":"6424610","subObjectId":"-1"},{"fields":[],"objectId":"6424611","subObjectId":"-1"},{"fields":[],"objectId":"6424612","subObjectId":"-1"},{"fields":[],"objectId":"6424614","subObjectId":"-1"},{"fields":[],"objectId":"6424615","subObjectId":"-1"},{"fields":[],"objectId":"6424638","subObjectId":"-1"},{"fields":[],"objectId":"6424639","subObjectId":"-1"}],"type":"FieldLabel"},{"rows":[{"fields":[],"objectId":"20","subObjectId":"-1"}],"type":"ViewName"}]},"schema":{"groups":[],"revision":null,"subTable":{},"table":{"fieldList":{"6424604":{"id":"6424604","label":"レコード番号","properties":{"noLabel":"false","required":"true"},"type":"RECORD_ID","var":"レコード番号"},"6424605":{"id":"6424605","label":"更新者","properties":{"noLabel":"false","required":"true"},"type":"MODIFIER","var":"更新者"},"6424606":{"id":"6424606","label":"作成者","properties":{"noLabel":"false","required":"true"},"type":"CREATOR","var":"作成者"},"6424607":{"id":"6424607","label":"更新日時","properties":{"noLabel":"false","required":"true"},"type":"MODIFIED_AT","var":"更新日時"},"6424608":{"id":"6424608","label":"作成日時","properties":{"noLabel":"false","required":"true"},"type":"CREATED_AT","var":"作成日時"},"6424609":{"id":"6424609","label":"ステータス","properties":{"noLabel":"false","required":"false"},"type":"STATUS","var":"ステータス"},"6424610":{"id":"6424610","label":"作業者","properties":{"noLabel":"false","required":"false"},"type":"STATUS_ASSIGNEE","var":"作業者"},"6424611":{"id":"6424611","label":"カテゴリー","properties":{"noLabel":"false","required":"false"},"type":"CATEGORY","var":"カテゴリー"},"6424612":{"id":"6424612","label":"日付","properties":{"defaultExpression":"NOW","defaultValue":null,"noLabel":"false","required":"false","unique":"false"},"type":"DATE","var":"日付"},"6424614":{"id":"6424614","label":"年","properties":{"displayScale":null,"expression":"DATE_FORMAT(日付, \"YYYY\", \"Etc/GMT\")","format":"NUMBER","hideExpression":"false","noLabel":"false","required":"false","roundingMode":null,"scale":null,"unit":"","unitPosition":"BEFORE"},"type":"CALC","var":"年"},"6424615":{"id":"6424615","label":"月","properties":{"displayScale":null,"expression":"DATE_FORMAT(日付, \"M\", \"Etc/GMT\")","format":"NUMBER","hideExpression":"false","noLabel":"false","required":"false","roundingMode":null,"scale":null,"unit":"","unitPosition":"BEFORE"},"type":"CALC","var":"月"},"6424638":{"id":"6424638","label":"うるう年判定","properties":{"defaultValue":"","expression":"IF(OR(年/4-ROUNDDOWN(年/4)!=0,\n          AND(年/100-ROUNDDOWN(年/100)=0,年/400-ROUNDDOWN(年/400)!=0)),\"平年\",\"うるう年\")","hideExpression":"false","max":null,"min":null,"noLabel":"false","required":"false","unique":"false"},"type":"SINGLE_LINE_TEXT","var":"うるう年判定"},"6424639":{"id":"6424639","label":"月末日","properties":{"defaultValue":"","expression":"IF(OR(月=4,月=6,月=9,月=11),DATE_FORMAT(日付, \"YYYY年M月30日\", \"Etc/GMT\"),\n 　　IF(AND(月=2,うるう年判定=\"うるう年\"),DATE_FORMAT(日付, \"YYYY年M月29日\", \"Etc/GMT\"),\n       IF(AND(月=2,うるう年判定=\"平年\"),DATE_FORMAT(日付, \"YYYY年M月28日\", \"Etc/GMT\"),\n         DATE_FORMAT(日付, \"YYYY年M月31日\", \"Etc/GMT\"))))","hideExpression":"false","max":null,"min":null,"noLabel":"false","required":"false","unique":"false"},"type":"SINGLE_LINE_TEXT","var":"文字列__1行__0"}},"id":"1","label":"__ROOT__","properties":null,"var":"__ROOT__"}},"settingsNotesForm":{"content":null,"willBeInherited":null},"status":{"actions":[],"filters":[],"initialStateId":null,"states":[],"useStatus":"false"},"uuid":"023f1f91-99ca-4853-ac7d-c70f5960beca","views":[{"advancedMode":null,"builtinType":"ALL","device":null,"fields":[{"row":[{"columnWidth":null,"id":"6424604"},{"columnWidth":null,"id":"6424612"},{"columnWidth":null,"id":"6424614"},{"columnWidth":null,"id":"6424615"},{"columnWidth":null,"id":"6424638"},{"columnWidth":null,"id":"6424639"}]}],"filter":{"category":null,"offset":null,"order":[],"q":null,"size":null,"sort":[]},"html":null,"keyFieldId":null,"name":"（すべて）","pager":null,"revision":null,"titleFieldId":null,"view":"20","viewType":"LIST"}]}],"description":"","iconKey":"APP39","iconMeta":null,"iconSrcAppId":"023f1f91-99ca-4853-ac7d-c70f5960beca","iconType":"PRESET","imagesMeta":[],"lookups":[],"name":"leap_year","references":[],"version":"37"}